Metric,Value
MSE,2026059.322649567
RMSE,1423.3971064497662
MAE,1135.9013550658356
R2,0.9361658120437549
