Metric,Value
MSE,2252407.360213825
RMSE,1500.8022388755371
MAE,1196.4699718549155
R2,0.9290343608508507
