Metric,Value
MSE,1358979.5381417496
RMSE,1165.7527774540147
MAE,908.19852293122
R2,0.9571832106312733
